Gene	Gene panel	Protein Change	Annotation	Custom Driver	Custom Driver Tiers	Functional Impact	Chromosome	Start Pos	End Pos	Ref	Var	HGVSg	HGVSc	MS	VS	Mutation Type	Variant Type	Center	Allele Freq	Variant Reads	Ref Reads	Variant Reads (Normal)	Ref Reads (Normal)	Copy #	COSMIC	Exon	gnomAD	ClinVar	dbSNP	SIGNAL
TP53	N/A	R273C	OncoKB: Likely Oncogenic, level NA, resistance NA;CIViC: diagnosticCount: 0, predictiveCount: 4, prognosticCount: 2, predisposingCount: 0, oncogenicCount: 0, functionalCount: 4;MyCancerGenome: not present;CancerHotspot: yes;3DHotspot: yes			MutationAssessor: NA;SIFT: NA;Polyphen-2: NA	17	7577121	7577121	G	A	17:g.7577121G>A	ENST00000269305.4:c.817C>T	.	.	Missense_Mutation	SNP	.	0.55	11	9	0	36	ShallowDel	1312			Pathogenic/Likely_pathogenic		
SPOP	N/A	M117V	OncoKB: Likely Oncogenic, level NA, resistance NA;CIViC: diagnosticCount: 0, predictiveCount: 0, prognosticCount: 0, predisposingCount: 0, oncogenicCount: 0, functionalCount: 1;MyCancerGenome: not present;CancerHotspot: yes;3DHotspot: yes			MutationAssessor: NA;SIFT: NA;Polyphen-2: NA	17	47696599	47696599	T	C	17:g.47696599T>C	ENST00000347630.2:c.349A>G	.	.	Missense_Mutation	SNP	.	0.5666666666666667	34	26	0	71	Gain	2					
PTPRD	N/A	R52*	OncoKB: Likely Oncogenic, level NA, resistance NA;CIViC: NA;MyCancerGenome: not present;CancerHotspot: no;3DHotspot: no			MutationAssessor: NA;SIFT: NA;Polyphen-2: NA	9	8636755	8636755	T	A	9:g.8636755T>A	ENST00000356435.5:c.154A>T	.	.	Nonsense_Mutation	SNP	.	0.11320754716981132	6	47	0	73	ShallowDel						
ERCC2	N/A	G675S	OncoKB: Likely Neutral, level NA, resistance NA;CIViC: NA;MyCancerGenome: not present;CancerHotspot: no;3DHotspot: no			MutationAssessor: NA;SIFT: NA;Polyphen-2: NA	19	45855787	45855787	C	T	19:g.45855787C>T	ENST00000391945.4:c.2023G>A	.	.	Missense_Mutation	SNP	.	0.058333333333333334	7	113	0	80	Gain						
FOXO3	N/A	P147R	OncoKB: Unknown, level NA, resistance NA;CIViC: NA;MyCancerGenome: not present;CancerHotspot: no;3DHotspot: no			MutationAssessor: NA;SIFT: NA;Polyphen-2: NA	6	108882851	108882851	C	G	6:g.108882851C>G	ENST00000343882.6:c.440C>G	.	.	Missense_Mutation	SNP	.	0.4666666666666667	14	16	0	49	Diploid						
GDAP2	N/A	L371V	OncoKB: NA;CIViC: NA;MyCancerGenome: not present;CancerHotspot: no;3DHotspot: no			MutationAssessor: NA;SIFT: NA;Polyphen-2: NA	1	118426246	118426246	G	C	1:g.118426246G>C	ENST00000369443.5:c.1111C>G	.	.	Missense_Mutation	SNP	.	0.35	21	39	0	88	ShallowDel	1					
TEKT2	N/A	E402K	OncoKB: NA;CIViC: NA;MyCancerGenome: not present;CancerHotspot: no;3DHotspot: no			MutationAssessor: NA;SIFT: NA;Polyphen-2: NA	1	36553698	36553698	G	A	1:g.36553698G>A	ENST00000207457.3:c.1204G>A	.	.	Missense_Mutation	SNP	.	0.21875	7	25	0	39	Gain						
ABCF1	N/A	R269H	OncoKB: NA;CIViC: NA;MyCancerGenome: not present;CancerHotspot: no;3DHotspot: no			MutationAssessor: NA;SIFT: NA;Polyphen-2: NA	6	30550856	30550856	G	A	6:g.30550856G>A	ENST00000326195.8:c.806G>A	.	.	Missense_Mutation	SNP	.	0.34782608695652173	8	15	0	25	Diploid						
TRAK1	N/A	R506Q	OncoKB: NA;CIViC: NA;MyCancerGenome: not present;CancerHotspot: no;3DHotspot: no			MutationAssessor: NA;SIFT: NA;Polyphen-2: NA	3	42244017	42244017	G	A	3:g.42244017G>A	ENST00000327628.5:c.1517G>A	.	.	Missense_Mutation	SNP	.	0.10909090909090909	6	49	0	75	Diploid						
ADCY2	N/A	R675H	OncoKB: NA;CIViC: NA;MyCancerGenome: not present;CancerHotspot: no;3DHotspot: no			MutationAssessor: NA;SIFT: NA;Polyphen-2: NA	5	7757629	7757629	G	A	5:g.7757629G>A	ENST00000338316.4:c.2024G>A	.	.	Missense_Mutation	SNP	.	0.3939393939393939	13	20	0	47	Gain						
ANKRD30A	N/A	A343T	OncoKB: NA;CIViC: NA;MyCancerGenome: not present;CancerHotspot: no;3DHotspot: no			MutationAssessor: NA;SIFT: NA;Polyphen-2: NA	10	37431020	37431020	G	A	10:g.37431020G>A	ENST00000361713.1:c.1027G>A	.	.	Missense_Mutation	SNP	.	0.38202247191011235	34	55	0	114							
TMC5	N/A	R552Q	OncoKB: NA;CIViC: NA;MyCancerGenome: not present;CancerHotspot: no;3DHotspot: no			MutationAssessor: NA;SIFT: NA;Polyphen-2: NA	16	19481020	19481020	G	A	16:g.19481020G>A	ENST00000396229.2:c.1655G>A	.	.	Missense_Mutation	SNP	.	0.4915254237288136	29	30	0	90							
FHL5	N/A	G263V	OncoKB: NA;CIViC: NA;MyCancerGenome: not present;CancerHotspot: no;3DHotspot: no			MutationAssessor: NA;SIFT: NA;Polyphen-2: NA	6	97063581	97063581	G	T	6:g.97063581G>T	ENST00000326771.2:c.788G>T	.	.	Missense_Mutation	SNP	.	0.3333333333333333	11	22	0	41							
RALB	N/A	R84W	OncoKB: NA;CIViC: NA;MyCancerGenome: not present;CancerHotspot: no;3DHotspot: no			MutationAssessor: NA;SIFT: NA;Polyphen-2: NA	2	121043585	121043585	C	T	2:g.121043585C>T	ENST00000272519.5:c.250C>T	.	.	Missense_Mutation	SNP	.	0.12280701754385964	7	50	0	67		1					
MUC15	N/A	L285*	OncoKB: NA;CIViC: NA;MyCancerGenome: not present;CancerHotspot: no;3DHotspot: no			MutationAssessor: NA;SIFT: NA;Polyphen-2: NA	11	26582763	26582763	A	C	11:g.26582763A>C	ENST00000455601.2:c.854T>G	.	.	Nonsense_Mutation	SNP	.	0.08108108108108109	3	34	0	47							
DTX4	N/A	L398_Q399insHL	OncoKB: NA;CIViC: NA;MyCancerGenome: not present;CancerHotspot: no;3DHotspot: no			MutationAssessor: NA;SIFT: NA;Polyphen-2: NA	11	58958616	58958617	-	ATCTAC	11:g.58958616_58958617insATCTAC	ENST00000227451.3:c.1191_1196dup	.	.	In_Frame_Ins	INS	.	0.25925925925925924	7	20	0	43							
AHNAK	N/A	G3437V	OncoKB: NA;CIViC: NA;MyCancerGenome: not present;CancerHotspot: no;3DHotspot: no			MutationAssessor: NA;SIFT: NA;Polyphen-2: NA	11	62291579	62291579	C	A	11:g.62291579C>A	ENST00000378024.4:c.10310G>T	.	.	Missense_Mutation	SNP	.	0.25	22	66	0	94		1					
FAM86C1P	N/A	S42*	OncoKB: NA;CIViC: NA;MyCancerGenome: not present;CancerHotspot: no;3DHotspot: no			MutationAssessor: NA;SIFT: NA;Polyphen-2: NA	11	71500857	71500857	C	G	11:g.71500857C>G	ENST00000359244.4:c.125C>G	.	.	Nonsense_Mutation	SNP	.	0.03404255319148936	8	227	0	366							
RPS3	N/A	E20G	OncoKB: NA;CIViC: NA;MyCancerGenome: not present;CancerHotspot: no;3DHotspot: no			MutationAssessor: NA;SIFT: NA;Polyphen-2: NA	11	75111766	75111766	A	G	11:g.75111766A>G	ENST00000524851.1:c.59A>G	.	.	Missense_Mutation	SNP	.	0.08163265306122448	4	45	0	74							
PITPNM2	N/A	L925Cfs*34	OncoKB: NA;CIViC: NA;MyCancerGenome: not present;CancerHotspot: no;3DHotspot: no			MutationAssessor: NA;SIFT: NA;Polyphen-2: NA	12	123473378	123473379	GG	C	12:g.123473378_123473379delinsC	ENST00000320201.4:c.2772_2773delinsG	.	.	Frame_Shift_Del	DEL	.	0.25274725274725274	23	68	0	108							
ZDHHC17	N/A	S346*	OncoKB: NA;CIViC: NA;MyCancerGenome: not present;CancerHotspot: no;3DHotspot: no			MutationAssessor: NA;SIFT: NA;Polyphen-2: NA	12	77220827	77220827	C	A	12:g.77220827C>A	ENST00000426126.2:c.1037C>A	.	.	Nonsense_Mutation	SNP	.	0.43478260869565216	30	39	0	138							
TLN2	N/A	I916F	OncoKB: NA;CIViC: NA;MyCancerGenome: not present;CancerHotspot: no;3DHotspot: no			MutationAssessor: NA;SIFT: NA;Polyphen-2: NA	15	63008641	63008641	A	T	15:g.63008641A>T	ENST00000306829.6:c.2746A>T	.	.	Missense_Mutation	SNP	.	0.0625	4	60	0	105							
ANPEP	N/A	N667S	OncoKB: NA;CIViC: NA;MyCancerGenome: not present;CancerHotspot: no;3DHotspot: no			MutationAssessor: NA;SIFT: NA;Polyphen-2: NA	15	90342500	90342500	T	C	15:g.90342500T>C	ENST00000300060.6:c.2000A>G	.	.	Missense_Mutation	SNP	.	0.15384615384615385	4	22	0	31							
FHOD3	N/A	K771N	OncoKB: NA;CIViC: NA;MyCancerGenome: not present;CancerHotspot: no;3DHotspot: no			MutationAssessor: NA;SIFT: NA;Polyphen-2: NA	18	34298150	34298150	G	C	18:g.34298150G>C	ENST00000359247.4:c.2313G>C	.	.	Missense_Mutation	SNP	.	0.12195121951219512	5	36	0	63							
ALPK2	N/A	G1522E	OncoKB: NA;CIViC: NA;MyCancerGenome: not present;CancerHotspot: no;3DHotspot: no			MutationAssessor: NA;SIFT: NA;Polyphen-2: NA	18	56202854	56202854	C	T	18:g.56202854C>T	ENST00000361673.3:c.4565G>A	.	.	Missense_Mutation	SNP	.	0.3582089552238806	24	43	0	82							
RTBDN	N/A	N36K	OncoKB: NA;CIViC: NA;MyCancerGenome: not present;CancerHotspot: no;3DHotspot: no			MutationAssessor: NA;SIFT: NA;Polyphen-2: NA	19	12939705	12939705	G	T	19:g.12939705G>T	ENST00000393233.2:c.108C>A	.	.	Missense_Mutation	SNP	.	0.09302325581395349	4	39	0	61							
TDRD12	N/A	S874N	OncoKB: NA;CIViC: NA;MyCancerGenome: not present;CancerHotspot: no;3DHotspot: no			MutationAssessor: NA;SIFT: NA;Polyphen-2: NA	19	33298523	33298523	G	A	19:g.33298523G>A	ENST00000444215.2:c.2621G>A	.	.	Missense_Mutation	SNP	.	0.08455882352941177	23	249	1	160							
GARIN5B	N/A	L876R	OncoKB: NA;CIViC: NA;MyCancerGenome: not present;CancerHotspot: no;3DHotspot: no			MutationAssessor: NA;SIFT: NA;Polyphen-2: NA	19	55869609	55869609	A	C	19:g.55869609A>C	ENST00000424985.3:c.2627T>G	.	.	Missense_Mutation	SNP	.	0.10144927536231885	7	62	0	102							
PRTN3	N/A	H148Q	OncoKB: NA;CIViC: NA;MyCancerGenome: not present;CancerHotspot: no;3DHotspot: no			MutationAssessor: NA;SIFT: NA;Polyphen-2: NA	19	846221	846221	C	G	19:g.846221C>G	ENST00000234347.5:c.444C>G	.	.	Missense_Mutation	SNP	.	0.15384615384615385	4	22	0	59							
CFHR4	N/A	E244G	OncoKB: NA;CIViC: NA;MyCancerGenome: not present;CancerHotspot: no;3DHotspot: no			MutationAssessor: NA;SIFT: NA;Polyphen-2: NA	1	196876563	196876563	A	G	1:g.196876563A>G	ENST00000367416.2:c.731A>G	.	.	Missense_Mutation	SNP	.	0.07272727272727272	4	51	0	102							
PGM1	N/A	R515Q	OncoKB: NA;CIViC: NA;MyCancerGenome: not present;CancerHotspot: no;3DHotspot: no			MutationAssessor: NA;SIFT: NA;Polyphen-2: NA	1	64120082	64120082	G	A	1:g.64120082G>A	ENST00000371084.3:c.1544G>A	.	.	Missense_Mutation	SNP	.	0.21666666666666667	13	47	0	67		1			Pathogenic		
PYGB	N/A	K30Efs*82	OncoKB: NA;CIViC: NA;MyCancerGenome: not present;CancerHotspot: no;3DHotspot: no			MutationAssessor: NA;SIFT: NA;Polyphen-2: NA	20	25228899	25228900	-	G	20:g.25228899_25228900insG	ENST00000216962.4:c.87dup	.	.	Frame_Shift_Ins	INS	.	0.11235955056179775	10	79	0	67							
CBLN4	N/A	E180*	OncoKB: NA;CIViC: NA;MyCancerGenome: not present;CancerHotspot: no;3DHotspot: no			MutationAssessor: NA;SIFT: NA;Polyphen-2: NA	20	54573681	54573681	C	A	20:g.54573681C>A	ENST00000064571.2:c.538G>T	.	.	Nonsense_Mutation	SNP	.	0.2653061224489796	26	72	0	104							
LAMA5	N/A	R2327Q	OncoKB: NA;CIViC: NA;MyCancerGenome: not present;CancerHotspot: no;3DHotspot: no			MutationAssessor: NA;SIFT: NA;Polyphen-2: NA	20	60893961	60893961	C	T	20:g.60893961C>T	ENST00000252999.3:c.6980G>A	.	.	Missense_Mutation	SNP	.	0.5714285714285714	12	9	0	14		1			Uncertain_significance		
KIF5C	N/A	A856T	OncoKB: NA;CIViC: NA;MyCancerGenome: not present;CancerHotspot: no;3DHotspot: no			MutationAssessor: NA;SIFT: NA;Polyphen-2: NA	2	149866664	149866664	G	A	2:g.149866664G>A	ENST00000435030.1:c.2566G>A	.	.	Missense_Mutation	SNP	.	0.4473684210526316	17	21	0	41							
APOB	N/A	T2254N	OncoKB: NA;CIViC: NA;MyCancerGenome: not present;CancerHotspot: no;3DHotspot: no			MutationAssessor: NA;SIFT: NA;Polyphen-2: NA	2	21232979	21232979	G	T	2:g.21232979G>T	ENST00000233242.1:c.6761C>A	.	.	Missense_Mutation	SNP	.	0.07058823529411765	6	79	0	67		1					
RANBP3L	N/A	H11L	OncoKB: NA;CIViC: NA;MyCancerGenome: not present;CancerHotspot: no;3DHotspot: no			MutationAssessor: NA;SIFT: NA;Polyphen-2: NA	5	36301487	36301487	T	A	5:g.36301487T>A	ENST00000296604.3:c.32A>T	.	.	Missense_Mutation	SNP	.	0.21212121212121213	7	26	0	42							
OSMR	N/A	T606I	OncoKB: NA;CIViC: NA;MyCancerGenome: not present;CancerHotspot: no;3DHotspot: no			MutationAssessor: NA;SIFT: NA;Polyphen-2: NA	5	38923303	38923303	C	T	5:g.38923303C>T	ENST00000274276.3:c.1817C>T	.	.	Missense_Mutation	SNP	.	0.34108527131782945	44	85	0	139							
ADGRG6	N/A	T447M	OncoKB: NA;CIViC: NA;MyCancerGenome: not present;CancerHotspot: no;3DHotspot: no			MutationAssessor: NA;SIFT: NA;Polyphen-2: NA	6	142714116	142714116	C	T	6:g.142714116C>T	ENST00000230173.6:c.1340C>T	.	.	Missense_Mutation	SNP	.	0.07317073170731707	12	152	0	225							
ZNF292	N/A	Q2008Tfs*9	OncoKB: NA;CIViC: NA;MyCancerGenome: not present;CancerHotspot: no;3DHotspot: no			MutationAssessor: NA;SIFT: NA;Polyphen-2: NA	6	87969362	87969363	-	A	6:g.87969362_87969363insA	ENST00000369577.3:c.6021dup	.	.	Frame_Shift_Ins	INS	.	0.17197452229299362	27	130	0	160							
ZNF804B	N/A	E954*	OncoKB: NA;CIViC: NA;MyCancerGenome: not present;CancerHotspot: no;3DHotspot: no			MutationAssessor: NA;SIFT: NA;Polyphen-2: NA	7	88965156	88965156	G	T	7:g.88965156G>T	ENST00000333190.4:c.2860G>T	.	.	Nonsense_Mutation	SNP	.	0.08620689655172414	5	53	0	78							
SOHLH1	N/A	P181L	OncoKB: NA;CIViC: NA;MyCancerGenome: not present;CancerHotspot: no;3DHotspot: no			MutationAssessor: NA;SIFT: NA;Polyphen-2: NA	9	138588577	138588577	G	A	9:g.138588577G>A	ENST00000298466.5:c.542C>T	.	.	Missense_Mutation	SNP	.	0.16304347826086957	15	77	0	120							
PRSS3	N/A	P15R	OncoKB: NA;CIViC: NA;MyCancerGenome: not present;CancerHotspot: no;3DHotspot: no			MutationAssessor: NA;SIFT: NA;Polyphen-2: NA	9	33750558	33750558	C	G	9:g.33750558C>G	ENST00000361005.5:c.44C>G	.	.	Missense_Mutation	SNP	.	0.7	14	6	0	38							
NRK	N/A	Q552K	OncoKB: NA;CIViC: NA;MyCancerGenome: not present;CancerHotspot: no;3DHotspot: no			MutationAssessor: NA;SIFT: NA;Polyphen-2: NA	23	105153287	105153287	C	A	23:g.105153287C>A	ENST00000243300.9:c.1654C>A	.	.	Missense_Mutation	SNP	.	0.2	4	16	0	27		1					
MAGEC1	N/A	G60V	OncoKB: NA;CIViC: NA;MyCancerGenome: not present;CancerHotspot: no;3DHotspot: no			MutationAssessor: NA;SIFT: NA;Polyphen-2: NA	23	140993369	140993369	G	T	23:g.140993369G>T	ENST00000285879.4:c.179G>T	.	.	Missense_Mutation	SNP	.	0.10294117647058823	7	61	0	93		1					
IRAK1	N/A	S688L	OncoKB: NA;CIViC: NA;MyCancerGenome: not present;CancerHotspot: no;3DHotspot: no			MutationAssessor: NA;SIFT: NA;Polyphen-2: NA	23	153277997	153277997	G	A	23:g.153277997G>A	ENST00000369980.3:c.2063C>T	.	.	Missense_Mutation	SNP	.	0.3333333333333333	15	30	0	50							
CFAP47	N/A	D414V	OncoKB: NA;CIViC: NA;MyCancerGenome: not present;CancerHotspot: no;3DHotspot: no			MutationAssessor: NA;SIFT: NA;Polyphen-2: NA	23	36156562	36156562	A	T	23:g.36156562A>T	ENST00000313548.4:c.1241A>T	.	.	Missense_Mutation	SNP	.	0.029304029304029304	8	265	0	304							
HDX	N/A	X609_splice	OncoKB: NA;CIViC: NA;MyCancerGenome: not present;CancerHotspot: no;3DHotspot: no			MutationAssessor: NA;SIFT: NA;Polyphen-2: NA	23	83581306	83581306	A	G	23:g.83581306A>G	ENST00000297977.5:c.1827T>C	.	.	Splice_Region	SNP	.	0.11678832116788321	16	121	0	167							
