Gene	Gene panel	Protein Change	Annotation	Custom Driver	Custom Driver Tiers	Functional Impact	Chromosome	Start Pos	End Pos	Ref	Var	HGVSg	HGVSc	MS	VS	Mutation Type	Variant Type	Center	Allele Freq	Variant Reads	Ref Reads	Variant Reads (Normal)	Ref Reads (Normal)	Copy #	COSMIC	Exon	gnomAD	ClinVar	dbSNP	SIGNAL
TP53	N/A	R273C	OncoKB: Likely Oncogenic, level NA, resistance NA;CIViC: diagnosticCount: 0, predictiveCount: 4, prognosticCount: 2, predisposingCount: 0, oncogenicCount: 0, functionalCount: 4;MyCancerGenome: not present;CancerHotspot: yes;3DHotspot: yes			MutationAssessor: NA;SIFT: NA;Polyphen-2: NA	17	7577121	7577121	G	A	17:g.7577121G>A	ENST00000269305.4:c.817C>T	.	.	Missense_Mutation	SNP	.	0.8690476190476191	73	11	0	156		1312			Pathogenic/Likely_pathogenic		
PPP2R1A	N/A	P179R	OncoKB: Likely Oncogenic, level NA, resistance NA;CIViC: diagnosticCount: 0, predictiveCount: 0, prognosticCount: 0, predisposingCount: 0, oncogenicCount: 0, functionalCount: 1;MyCancerGenome: not present;CancerHotspot: yes;3DHotspot: yes			MutationAssessor: NA;SIFT: NA;Polyphen-2: NA	19	52715971	52715971	C	G	19:g.52715971C>G	ENST00000322088.6:c.536C>G	.	.	Missense_Mutation	SNP	.	0.32558139534883723	14	29	0	94		31			Likely_pathogenic		
DDX10	N/A	K119R	OncoKB: NA;CIViC: NA;MyCancerGenome: not present;CancerHotspot: no;3DHotspot: no			MutationAssessor: NA;SIFT: NA;Polyphen-2: NA	11	108546431	108546431	A	G	11:g.108546431A>G	ENST00000322536.3:c.356A>G	.	.	Missense_Mutation	SNP	.	0.4725274725274725	43	48	0	373		1					
BCL2L11	N/A	R153P	OncoKB: Unknown, level NA, resistance NA;CIViC: NA;MyCancerGenome: not present;CancerHotspot: no;3DHotspot: no			MutationAssessor: NA;SIFT: NA;Polyphen-2: NA	2	111907684	111907684	G	C	2:g.111907684G>C	ENST00000393256.3:c.458G>C	.	.	Missense_Mutation	SNP	.	0.6166666666666667	37	23	0	72		3					
TBX20	N/A	G193S	OncoKB: NA;CIViC: NA;MyCancerGenome: not present;CancerHotspot: no;3DHotspot: no			MutationAssessor: NA;SIFT: NA;Polyphen-2: NA	7	35284638	35284638	C	T	7:g.35284638C>T	ENST00000408931.3:c.577G>A	.	.	Missense_Mutation	SNP	.	0.24369747899159663	29	90	0	67		2			Uncertain_significance		
OR52M1	N/A	R145H	OncoKB: NA;CIViC: NA;MyCancerGenome: not present;CancerHotspot: no;3DHotspot: no			MutationAssessor: NA;SIFT: NA;Polyphen-2: NA	11	4566854	4566854	G	A	11:g.4566854G>A	ENST00000360213.1:c.434G>A	.	.	Missense_Mutation	SNP	.	0.5797101449275363	80	58	0	393		10					
PHYHIPL	N/A	R79H	OncoKB: NA;CIViC: NA;MyCancerGenome: not present;CancerHotspot: no;3DHotspot: no			MutationAssessor: NA;SIFT: NA;Polyphen-2: NA	10	60994193	60994193	G	A	10:g.60994193G>A	ENST00000373880.4:c.236G>A	.	.	Missense_Mutation	SNP	.	0.08490566037735849	18	194	0	448		3					
PHKA2	N/A	R497*	OncoKB: NA;CIViC: NA;MyCancerGenome: not present;CancerHotspot: no;3DHotspot: no			MutationAssessor: NA;SIFT: NA;Polyphen-2: NA	23	18943866	18943866	G	A	23:g.18943866G>A	ENST00000379942.4:c.1489C>T	.	.	Nonsense_Mutation	SNP	.	0.6720430107526881	125	61	2	243		1					
PLB1	N/A	R682C	OncoKB: NA;CIViC: NA;MyCancerGenome: not present;CancerHotspot: no;3DHotspot: no			MutationAssessor: NA;SIFT: NA;Polyphen-2: NA	2	28812899	28812899	C	T	2:g.28812899C>T	ENST00000327757.5:c.2044C>T	.	.	Missense_Mutation	SNP	.	0.20253164556962025	16	63	0	70		3					
TNRC6B	N/A	R1100Q	OncoKB: NA;CIViC: NA;MyCancerGenome: not present;CancerHotspot: no;3DHotspot: no			MutationAssessor: NA;SIFT: NA;Polyphen-2: NA	22	40676035	40676035	G	A	22:g.40676035G>A	ENST00000454349.2:c.3299G>A	.	.	Missense_Mutation	SNP	.	0.07834101382488479	17	200	0	447							
PLEKHH2	N/A	A1332V	OncoKB: NA;CIViC: NA;MyCancerGenome: not present;CancerHotspot: no;3DHotspot: no			MutationAssessor: NA;SIFT: NA;Polyphen-2: NA	2	43986092	43986092	C	T	2:g.43986092C>T	ENST00000282406.4:c.3995C>T	.	.	Missense_Mutation	SNP	.	0.2	23	92	0	163		1					
SLC35A4	N/A	P186L	OncoKB: NA;CIViC: NA;MyCancerGenome: not present;CancerHotspot: no;3DHotspot: no			MutationAssessor: NA;SIFT: NA;Polyphen-2: NA	5	139947311	139947311	C	T	5:g.139947311C>T	ENST00000323146.3:c.557C>T	.	.	Missense_Mutation	SNP	.	0.5	47	47	0	128		1					
NFASC	N/A	P337L	OncoKB: NA;CIViC: NA;MyCancerGenome: not present;CancerHotspot: no;3DHotspot: no			MutationAssessor: NA;SIFT: NA;Polyphen-2: NA	1	204939750	204939750	C	T	1:g.204939750C>T	ENST00000339876.6:c.1010C>T	.	.	Missense_Mutation	SNP	.	0.5	52	52	0	87							
ZC3H6	N/A	P222_K226del	OncoKB: NA;CIViC: NA;MyCancerGenome: not present;CancerHotspot: no;3DHotspot: no			MutationAssessor: NA;SIFT: NA;Polyphen-2: NA	2	113069431	113069445	CCGAAGAAAATCAAA	-	2:g.113069431_113069445del	ENST00000343936.4:c.665_679del	.	.	In_Frame_Del	DEL	.	0.5294117647058824	36	32	0	99							
HHLA2	N/A	L94I	OncoKB: NA;CIViC: NA;MyCancerGenome: not present;CancerHotspot: no;3DHotspot: no			MutationAssessor: NA;SIFT: NA;Polyphen-2: NA	3	108072489	108072489	C	A	3:g.108072489C>A	ENST00000357759.5:c.280C>A	.	.	Missense_Mutation	SNP	.	0.17857142857142858	35	161	0	293		1					
ITGB5	N/A	C533Y	OncoKB: NA;CIViC: NA;MyCancerGenome: not present;CancerHotspot: no;3DHotspot: no			MutationAssessor: NA;SIFT: NA;Polyphen-2: NA	3	124515330	124515330	C	T	3:g.124515330C>T	ENST00000296181.4:c.1598G>A	.	.	Missense_Mutation	SNP	.	0.5844155844155844	90	64	0	184		2					
DDX60	N/A	P1027T	OncoKB: NA;CIViC: NA;MyCancerGenome: not present;CancerHotspot: no;3DHotspot: no			MutationAssessor: NA;SIFT: NA;Polyphen-2: NA	4	169183899	169183899	G	T	4:g.169183899G>T	ENST00000393743.3:c.3079C>A	.	.	Missense_Mutation	SNP	.	0.4953271028037383	53	54	0	284							
MYO10	N/A	Y1842*	OncoKB: NA;CIViC: NA;MyCancerGenome: not present;CancerHotspot: no;3DHotspot: no			MutationAssessor: NA;SIFT: NA;Polyphen-2: NA	5	16670992	16670992	A	C	5:g.16670992A>C	ENST00000513610.1:c.5526T>G	.	.	Nonsense_Mutation	SNP	.	0.27586206896551724	8	21	0	66		1					
PCDHGA5	N/A	Q640H	OncoKB: NA;CIViC: NA;MyCancerGenome: not present;CancerHotspot: no;3DHotspot: no			MutationAssessor: NA;SIFT: NA;Polyphen-2: NA	5	140745817	140745817	G	T	5:g.140745817G>T	ENST00000518069.1:c.1920G>T	.	.	Missense_Mutation	SNP	.	0.30120481927710846	25	58	0	172							
PDE6A	N/A	K317M	OncoKB: NA;CIViC: NA;MyCancerGenome: not present;CancerHotspot: no;3DHotspot: no			MutationAssessor: NA;SIFT: NA;Polyphen-2: NA	5	149294554	149294554	T	A	5:g.149294554T>A	ENST00000255266.5:c.950A>T	.	.	Missense_Mutation	SNP	.	0.3274336283185841	37	76	0	158		1					
PKHD1L1	N/A	T2205N	OncoKB: NA;CIViC: NA;MyCancerGenome: not present;CancerHotspot: no;3DHotspot: no			MutationAssessor: NA;SIFT: NA;Polyphen-2: NA	8	110465053	110465053	C	A	8:g.110465053C>A	ENST00000378402.5:c.6614C>A	.	.	Missense_Mutation	SNP	.	0.3157894736842105	6	13	0	30							
CEMIP2	N/A	R644G	OncoKB: NA;CIViC: NA;MyCancerGenome: not present;CancerHotspot: no;3DHotspot: no			MutationAssessor: NA;SIFT: NA;Polyphen-2: NA	9	74345013	74345013	G	C	9:g.74345013G>C	ENST00000377044.4:c.1930C>G	.	.	Missense_Mutation	SNP	.	0.19806763285024154	41	166	0	422							
JCAD	N/A	R685P	OncoKB: NA;CIViC: NA;MyCancerGenome: not present;CancerHotspot: no;3DHotspot: no			MutationAssessor: NA;SIFT: NA;Polyphen-2: NA	10	30317023	30317023	C	G	10:g.30317023C>G	ENST00000375377.1:c.2054G>C	.	.	Missense_Mutation	SNP	.	0.625	35	21	0	106							
C10ORF62	N/A	R186Q	OncoKB: NA;CIViC: NA;MyCancerGenome: not present;CancerHotspot: no;3DHotspot: no			MutationAssessor: NA;SIFT: NA;Polyphen-2: NA	10	99350211	99350211	G	A	10:g.99350211G>A	ENST00000370640.3:c.557G>A	.	.	Missense_Mutation	SNP	.	0.4634146341463415	38	44	0	97							
KRT1	N/A	I287N	OncoKB: NA;CIViC: NA;MyCancerGenome: not present;CancerHotspot: no;3DHotspot: no			MutationAssessor: NA;SIFT: NA;Polyphen-2: NA	12	53071954	53071954	A	T	12:g.53071954A>T	ENST00000252244.3:c.860T>A	.	.	Missense_Mutation	SNP	.	0.23404255319148937	11	36	0	111		1					
RNF17	N/A	R775H	OncoKB: NA;CIViC: NA;MyCancerGenome: not present;CancerHotspot: no;3DHotspot: no			MutationAssessor: NA;SIFT: NA;Polyphen-2: NA	13	25404700	25404700	G	A	13:g.25404700G>A	ENST00000255324.5:c.2324G>A	.	.	Missense_Mutation	SNP	.	0.22727272727272727	25	85	0	263							
CASS4	N/A	E95G	OncoKB: NA;CIViC: NA;MyCancerGenome: not present;CancerHotspot: no;3DHotspot: no			MutationAssessor: NA;SIFT: NA;Polyphen-2: NA	20	55012467	55012467	A	G	20:g.55012467A>G	ENST00000360314.3:c.284A>G	.	.	Missense_Mutation	SNP	.	0.21875	28	100	0	133		1					
CXORF66	N/A	A88V	OncoKB: NA;CIViC: NA;MyCancerGenome: not present;CancerHotspot: no;3DHotspot: no			MutationAssessor: NA;SIFT: NA;Polyphen-2: NA	23	139038878	139038878	G	A	23:g.139038878G>A	ENST00000370540.1:c.263C>T	.	.	Missense_Mutation	SNP	.	0.17380352644836272	69	328	0	589							
MSRB2	N/A	X40_splice	OncoKB: NA;CIViC: NA;MyCancerGenome: not present;CancerHotspot: no;3DHotspot: no			MutationAssessor: NA;SIFT: NA;Polyphen-2: NA	10	23393074	23393074	G	A	10:g.23393074G>A	ENST00000376510.3:c.120G>A	.	.	Splice_Region	SNP	.	0.3291139240506329	52	106	0	288							
ANO6	N/A	R862C	OncoKB: NA;CIViC: NA;MyCancerGenome: not present;CancerHotspot: no;3DHotspot: no			MutationAssessor: NA;SIFT: NA;Polyphen-2: NA	12	45822945	45822945	C	T	12:g.45822945C>T	ENST00000320560.8:c.2584C>T	.	.	Missense_Mutation	SNP	.	0.075046904315197	40	493	0	204		2					
ATP2A1	N/A	X210_splice	OncoKB: NA;CIViC: NA;MyCancerGenome: not present;CancerHotspot: no;3DHotspot: no			MutationAssessor: NA;SIFT: NA;Polyphen-2: NA	16	28898595	28898595	G	A	16:g.28898595G>A	ENST00000357084.3:c.630G>A	.	.	Splice_Region	SNP	.	0.5555555555555556	25	20	0	40							
FECH	N/A	R298Q	OncoKB: NA;CIViC: NA;MyCancerGenome: not present;CancerHotspot: no;3DHotspot: no			MutationAssessor: NA;SIFT: NA;Polyphen-2: NA	18	55222096	55222096	C	T	18:g.55222096C>T	ENST00000262093.5:c.893G>A	.	.	Missense_Mutation	SNP	.	0.7090909090909091	39	16	0	103							
ZNF416	N/A	E355D	OncoKB: NA;CIViC: NA;MyCancerGenome: not present;CancerHotspot: no;3DHotspot: no			MutationAssessor: NA;SIFT: NA;Polyphen-2: NA	19	58084207	58084207	C	A	19:g.58084207C>A	ENST00000196489.3:c.1065G>T	.	.	Missense_Mutation	SNP	.	0.0379746835443038	6	152	0	303		1					
PYGB	N/A	V357L	OncoKB: NA;CIViC: NA;MyCancerGenome: not present;CancerHotspot: no;3DHotspot: no			MutationAssessor: NA;SIFT: NA;Polyphen-2: NA	20	25259762	25259762	G	C	20:g.25259762G>C	ENST00000216962.4:c.1069G>C	.	.	Missense_Mutation	SNP	.	0.1875	3	13	0	15		1					
L3MBTL1	N/A	R686*	OncoKB: NA;CIViC: NA;MyCancerGenome: not present;CancerHotspot: no;3DHotspot: no			MutationAssessor: NA;SIFT: NA;Polyphen-2: NA	20	42164933	42164933	C	T	20:g.42164933C>T	ENST00000427442.2:c.2056C>T	.	.	Nonsense_Mutation	SNP	.	0.15789473684210525	3	16	0	34							
LCT	N/A	S78del	OncoKB: NA;CIViC: NA;MyCancerGenome: not present;CancerHotspot: no;3DHotspot: no			MutationAssessor: NA;SIFT: NA;Polyphen-2: NA	2	136594507	136594509	CTG	-	2:g.136594507_136594509del	ENST00000264162.2:c.231_233del	.	.	In_Frame_Del	DEL	.	0.09523809523809523	8	76	0	161							
ITGB6	N/A	D296N	OncoKB: NA;CIViC: NA;MyCancerGenome: not present;CancerHotspot: no;3DHotspot: no			MutationAssessor: NA;SIFT: NA;Polyphen-2: NA	2	161029115	161029115	C	T	2:g.161029115C>T	ENST00000283249.2:c.886G>A	.	.	Missense_Mutation	SNP	.	0.038461538461538464	9	225	0	373		1					
AKR1D1	N/A	K71N	OncoKB: NA;CIViC: NA;MyCancerGenome: not present;CancerHotspot: no;3DHotspot: no			MutationAssessor: NA;SIFT: NA;Polyphen-2: NA	7	137773466	137773466	G	T	7:g.137773466G>T	ENST00000242375.3:c.213G>T	.	.	Missense_Mutation	SNP	.	0.3157894736842105	6	13	0	71		1					
